,chrom,start,end,mean_coverage,median_coverage,std_coverage
0,chr1,860368,870368,4.9391,5.0,2.428660369421793
1,chr1,4510135,4520135,4.2162,4.0,2.2004221322282684
2,chr1,8312956,8322956,3.715,3.0,2.3888438626247637
3,chr1,11681799,11691799,4.0826,4.0,2.4933465944388877
4,chr1,14642724,14652724,4.9639,5.0,2.3385031088283803
5,chr1,17253330,17263330,4.3842,4.0,2.0985209934618236
6,chr1,19167839,19177839,5.0787,5.0,2.150140997702244
7,chr1,23464077,23474077,4.9092,5.0,2.399990699981981
8,chr1,24429243,24439243,5.1978,5.0,2.3904550110805265
9,chr1,29529874,29539874,4.597,4.0,2.402996254678729
10,chr1,31790658,31800658,4.1754,4.0,2.1255669455465287
11,chr1,33262144,33272144,4.5229,4.0,2.1436127425446974
12,chr1,37758416,37768416,4.8503,5.0,2.264749414394449
13,chr1,39450188,39460188,5.4426,5.0,2.5457229307212517
14,chr1,43609616,43619616,4.8711,5.0,2.448935440145371
15,chr1,46898886,46908886,5.226,5.0,2.5414413233439013
16,chr1,49110952,49120952,5.6113,5.0,2.2675123615980572
17,chr1,53983952,53993952,5.3834,5.0,2.2972166724103324
18,chr1,55629671,55639671,4.9868,5.0,2.201596184589717
19,chr1,58268394,58278394,4.1889,4.0,3.1694505501742727
20,chr1,61521421,61531421,5.6138,6.0,2.4131824547679774
21,chr1,64937675,64947675,5.2175,5.0,2.531638550425396
22,chr1,66613193,66623193,5.7689,6.0,2.1260039487263427
23,chr1,70937895,70947895,5.2152,5.0,1.9890924965923533
24,chr1,73814474,73824474,5.6426,5.0,2.211258745601699
25,chr1,77332475,77342475,5.7968,6.0,2.2634729421842
26,chr1,79657032,79667032,5.1805,5.0,2.291270335425307
27,chr1,82108881,82118881,4.9678,5.0,2.2092449298346257
28,chr1,85434652,85444652,6.234,6.0,2.4378769452127806
29,chr1,89051051,89061051,5.6495,5.0,2.5363851738251433
30,chr1,92105906,92115906,5.1032,5.0,2.393647793640493
31,chr1,93251780,93261780,4.7052,5.0,2.4477117804186017
32,chr1,96236762,96246762,4.5324,4.0,2.1133741363043126
33,chr1,100024255,100034255,5.1727,5.0,2.3999738977747236
34,chr1,104266532,104276532,5.6239,5.0,2.3098157480630355
35,chr1,107565250,107575250,5.2148,5.0,2.3242764379479475
36,chr1,109401074,109411074,4.9448,5.0,2.316539004636011
37,chr1,113064858,113074858,3.9336,4.0,2.841512104496477
38,chr1,114187229,114197229,5.299,5.0,2.234412450735092
39,chr1,118468274,118478274,5.345,5.0,2.49041663181083
40,chr1,121489538,121499538,4.9012,5.0,2.03829305056952
41,chr1,125653783,125663783,0.0,0.0,0.0
42,chr1,127147574,127157574,0.0,0.0,0.0
43,chr1,129215252,129225252,0.0,0.0,0.0
44,chr1,133955393,133965393,0.0,0.0,0.0
45,chr1,136514018,136524018,0.0,0.0,0.0
46,chr1,138875161,138885161,0.0,0.0,0.0
47,chr1,143957497,143967497,5.5109,6.0,2.505370469611231
48,chr1,144033085,144043085,5.3361,5.0,3.0503666648453924
49,chr1,148438107,148448107,5.8352,5.0,3.0344094911530974
50,chr1,151144047,151154047,4.7315,5.0,2.3017836019052704
51,chr1,154357375,154367375,4.639,5.0,2.115721862627505
52,chr1,157976537,157986537,5.0947,5.0,2.438797226093223
53,chr1,160881985,160891985,5.9819,6.0,2.520430992905777
54,chr1,164193914,164203914,5.533,5.0,2.2488021255770816
55,chr1,165813620,165823620,5.2118,5.0,2.999023301009847
56,chr1,169174560,169184560,5.45,5.0,2.223173407541571
57,chr1,173913341,173923341,5.3827,5.0,2.486129664760066
58,chr1,175581564,175591564,5.6068,5.0,2.765175177090956
59,chr1,179270395,179280395,4.887,4.0,2.6173328026829146
60,chr1,180579402,180589402,5.2488,5.0,2.328325269372817
61,chr1,185865750,185875750,5.5744,5.0,2.3715532125592294
62,chr1,188987634,188997634,5.5295,5.0,2.421555233728936
63,chr1,190172113,190182113,5.2152,5.0,2.4016013324446672
64,chr1,193449907,193459907,5.1374,5.0,2.31035089109858
65,chr1,196956613,196966613,5.2054,5.0,2.477016519928763
66,chr1,199361363,199371363,5.9973,6.0,2.5567738871476298
67,chr1,203776689,203786689,5.3009,5.0,2.338366778330551
68,chr1,205180213,205190213,5.5593,5.0,2.265807474168977
69,chr1,207180458,207190458,5.657,6.0,2.2889628655790815
70,chr1,212414229,212424229,5.0789,5.0,2.3510582276923726
71,chr1,213559439,213569439,4.952,5.0,2.2941002593609547
72,chr1,217488679,217498679,4.8736,5.0,2.1180233804186392
73,chr1,220289068,220299068,5.0665,5.0,2.4378428476831724
74,chr1,223047900,223057900,4.8366,5.0,2.3861476148805214
75,chr1,226807656,226817656,5.5781,5.0,2.7152716972708273
76,chr1,228744497,228754497,5.04,5.0,2.2083477986947617
77,chr1,233963031,233973031,5.3429,5.0,2.3474495926430454
78,chr1,234111464,234121464,5.3024,5.0,2.7089396892511286
79,chr1,237623438,237633438,5.8246,6.0,2.7462037142207785
80,chr1,241460161,241470161,5.528,5.0,2.48290475048883
81,chr1,244509093,244519093,4.8202,5.0,2.4213781117371984
82,chr2,74612,84612,5.8374,6.0,2.4985918514235173
83,chr2,5992815,6002815,5.0949,5.0,2.256167987983164
84,chr2,6960078,6970078,5.2989,5.0,2.3125654131288917
85,chr2,10274666,10284666,3.8391,4.0,2.0982400220184534
86,chr2,13534301,13544301,4.9884,5.0,2.390076450660104
87,chr2,17337750,17347750,4.7058,5.0,2.210078360601723
88,chr2,19916891,19926891,5.835,6.0,2.494428792329017
89,chr2,21442210,21452210,5.3591,5.0,2.4558394063944817
90,chr2,26058548,26068548,4.7927,5.0,2.465426273487001
91,chr2,27211144,27221144,4.2698,4.0,2.4288696877354288
92,chr2,32529632,32539632,6.1144,6.0,2.3733336554306894
93,chr2,34986212,34996212,5.8272,6.0,2.3587157861853556
94,chr2,36938090,36948090,5.2084,5.0,2.5567497804830257
95,chr2,41612497,41622497,5.4523,5.0,2.5592820692530163
96,chr2,43788262,43798262,4.9023,5.0,2.2348500419491235
97,chr2,45175190,45185190,4.9099,5.0,2.206441023458366
98,chr2,48049505,48059505,5.7462,6.0,2.5233282703603983
99,chr2,53553973,53563973,5.2136,5.0,2.5147912517741906
100,chr2,56948266,56958266,5.6623,6.0,2.114251335579571
101,chr2,57458406,57468406,5.8326,5.0,2.725211411982564
102,chr2,62926496,62936496,5.8231,6.0,2.8002511298096104
103,chr2,64176068,64186068,5.8154,6.0,2.461081640254951
104,chr2,66432115,66442115,4.2498,4.0,2.322197226766064
105,chr2,71566697,71576697,4.7743,4.0,2.1919761654726084
106,chr2,72343056,72353056,5.3959,5.0,2.667801190118934
107,chr2,75253243,75263243,5.4897,5.0,2.1014980157021323
108,chr2,80021199,80031199,5.566,6.0,2.418272937449369
109,chr2,82900592,82910592,4.8559,5.0,2.394020716284636
110,chr2,85396181,85406181,5.0294,5.0,2.530046568741374
111,chr2,88619200,88629200,4.904,5.0,2.435730691188991
112,chr2,90026282,90036282,5.2322,5.0,2.4104528952045507
113,chr2,95295346,95305346,4.5839,4.0,2.3471601543141447
114,chr2,97259275,97269275,6.4684,6.0,3.189953203418508
115,chr2,99827159,99837159,4.8256,5.0,2.043424733137974
116,chr2,104985060,104995060,5.6111,5.0,2.3881911125368505
117,chr2,107106985,107116985,5.3082,5.0,2.373059788543053
118,chr2,110092078,110102078,4.8435,5.0,2.3370082905287264
119,chr2,113612690,113622690,5.2502,5.0,2.812436658842293
120,chr2,115174809,115184809,5.0924,5.0,2.347863335034644
121,chr2,117618374,117628374,5.1387,5.0,2.3248359748593015
122,chr2,120030206,120040206,4.4883,4.0,2.243003145338856
123,chr2,124987287,124997287,4.8416,5.0,2.127230462361801
124,chr2,127423423,127433423,3.6783,3.0,2.4128425373405533
125,chr2,130428741,130438741,4.7174,4.0,2.188409751394834
126,chr2,132837666,132847666,5.6466,6.0,2.4254707666760282
127,chr2,137523919,137533919,4.9955,5.0,2.117045051480955
128,chr2,138415096,138425096,5.4784,5.0,2.5620955173451283
129,chr2,143970146,143980146,5.0683,5.0,2.2750901322804773
130,chr2,145649070,145659070,5.2201,5.0,2.2965312952363615
131,chr2,148736866,148746866,5.2682,5.0,2.3302078791386833
132,chr2,150213143,150223143,5.3839,5.0,2.485099754537029
133,chr2,154342989,154352989,5.1597,5.0,2.1199046936124275
134,chr2,156824019,156834019,5.1585,5.0,2.3868342527289155
135,chr2,160964993,160974993,5.4888,5.0,2.3834165729053742
136,chr2,162342489,162352489,4.8958,5.0,2.491815073395295
137,chr2,165329567,165339567,4.9994,5.0,2.431830512186242
138,chr2,170212912,170222912,5.2288,5.0,2.3601378264838684
139,chr2,171569612,171579612,5.8042,6.0,2.575395573499341
140,chr2,176502669,176512669,4.4116,4.0,2.1885121521252744
141,chr2,179826704,179836704,5.1336,5.0,2.146147953893207
142,chr2,180129468,180139468,5.7359,6.0,2.4521319683083944
143,chr2,184206686,184216686,5.5056,5.0,2.576580804089016
144,chr2,187317858,187327858,5.0717,5.0,2.419991551638146
145,chr2,190928978,190938978,5.4975,5.0,2.2591134876318186
146,chr2,192937872,192947872,4.9205,5.0,2.1702487760623206
147,chr2,196751527,196761527,5.41,5.0,2.50589305438201
148,chr2,199206930,199216930,5.1252,5.0,2.474090733986933
149,chr2,202933677,202943677,4.6753,5.0,2.2675250627060333
150,chr2,205898555,205908555,5.4413,5.0,2.4518063361530005
151,chr2,208887462,208897462,5.0959,5.0,2.408008137444722
152,chr2,212191491,212201491,5.2974,5.0,2.3746059125673886
153,chr2,213364458,213374458,5.3411,5.0,2.27937508760625
154,chr2,217642442,217652442,5.4125,5.0,2.378475089211573
155,chr2,221335211,221345211,5.6098,5.0,2.444206202430556
156,chr2,223705524,223715524,4.9952,5.0,2.2942050823760285
157,chr2,226507078,226517078,4.9062,5.0,2.1113506482818054
158,chr2,230334542,230344542,6.7908,7.0,2.8052870370070866
159,chr2,233035740,233045740,4.5583,4.0,2.1308216983126487
160,chr2,235163135,235173135,4.3815,4.0,2.054837645654761
161,chr2,239498489,239508489,4.4817,4.0,2.3484175757305175
162,chr3,2079059,2089059,4.831,5.0,2.5533975405330054
163,chr3,3816936,3826936,5.6284,5.0,2.548747425697572
164,chr3,6351854,6361854,5.1757,5.0,2.4402519357640107
165,chr3,11837976,11847976,4.9004,5.0,2.5653225606149412
166,chr3,12854089,12864089,4.794,5.0,2.282490744778607
167,chr3,16106180,16116180,5.9936,6.0,2.4415894495184896
168,chr3,18803315,18813315,5.7801,5.0,2.5142680823651244
169,chr3,23720738,23730738,4.6894,4.0,2.27779007812397
170,chr3,24048082,24058082,5.4625,5.0,2.6294093918597
171,chr3,28201214,28211214,4.8439,5.0,2.54022298037003
172,chr3,30040486,30050486,5.7998,6.0,2.495459869442905
173,chr3,35301916,35311916,5.0287,5.0,2.5518378298786937
174,chr3,37415781,37425781,4.772,5.0,2.2804859131334267
175,chr3,41507128,41517128,5.6026,5.0,2.3506750604879443
176,chr3,44385053,44395053,4.926,5.0,2.194566927664773
177,chr3,47151302,47161302,6.2235,6.0,2.8324102368830686
178,chr3,50750676,50760676,5.9286,6.0,2.3865250972910386
179,chr3,53685840,53695840,4.9447,5.0,1.9515229719375584
180,chr3,56438423,56448423,5.2461,5.0,2.4466987534226603
181,chr3,57571037,57581037,5.2146,5.0,2.3671812013447555
182,chr3,61166021,61176021,5.9155,6.0,2.6749130359695807
183,chr3,64966480,64976480,5.584,6.0,2.4950639270367403
184,chr3,68017912,68027912,5.3047,5.0,2.2791353426244787
185,chr3,69233005,69243005,4.8896,5.0,2.3402161951409535
186,chr3,72328305,72338305,4.6951,4.0,2.4492725430217033
187,chr3,77222397,77232397,5.6878,6.0,2.507136047365599
188,chr3,80563110,80573110,5.483,5.0,2.1668204817197014
189,chr3,82908428,82918428,3.9637,4.0,2.3718310036762738
190,chr3,86146423,86156423,5.4114,5.0,3.0076153410966637
191,chr3,89047095,89057095,5.2734,5.0,2.32947471332058
192,chr3,92637799,92647799,6.5387,6.0,5.3367876395824485
193,chr3,95865464,95875464,5.3562,5.0,2.2896116613958797
194,chr3,98996539,99006539,6.0648,6.0,2.4071561976739275
195,chr3,100842924,100852924,6.0753,6.0,2.2326284755865675
196,chr3,103185913,103195913,5.823,6.0,2.3383479210759033
197,chr3,106304327,106314327,5.1772,5.0,2.4063665888638
198,chr3,109876115,109886115,5.2869,5.0,2.1565686610910397
199,chr3,112180494,112190494,5.127,5.0,2.644895272028743
200,chr3,115686234,115696234,5.0203,5.0,2.366239191206164
201,chr3,119783375,119793375,5.6485,5.0,2.2795499007479525
202,chr3,120609564,120619564,5.4478,5.0,2.4441103002933398
203,chr3,125872959,125882959,4.9457,5.0,2.269791071883049
204,chr3,127054448,127064448,4.8232,5.0,2.403942961053777
205,chr3,129810457,129820457,5.7417,6.0,2.4945502821149947
206,chr3,133160524,133170524,5.3475,5.0,2.591668140406869
207,chr3,137738968,137748968,5.4224,5.0,1.8955680520624945
208,chr3,140311818,140321818,5.5037,6.0,2.1202326075221087
209,chr3,142275087,142285087,5.2704,5.0,2.3682237732106315
210,chr3,145889241,145899241,5.1599,5.0,2.5027448911145536
211,chr3,149974424,149984424,5.3312,5.0,2.027734341574359
212,chr3,152160523,152170523,5.4303,5.0,2.271110281338183
213,chr3,154369227,154379227,5.4481,5.0,2.399813824028856
214,chr3,156484979,156494979,5.9726,6.0,2.4599287062839847
215,chr3,159911307,159921307,5.6914,5.0,2.4537656856350405
216,chr3,164144410,164154410,5.1234,5.0,2.4627570809968247
217,chr3,167574780,167584780,5.7568,6.0,2.3845028328773274
218,chr3,169918796,169928796,5.3602,5.0,2.453661745228955
219,chr3,173378766,173388766,5.8882,6.0,2.6603196725205787
220,chr3,174232638,174242638,4.9811,5.0,2.4168042514858334
221,chr3,177718690,177728690,5.5721,5.0,2.4371708167463355
222,chr3,180827103,180837103,4.68,4.0,2.5754222954692305
223,chr3,183486262,183496262,5.2648,5.0,2.360313741857213
224,chr3,187129044,187139044,4.916,5.0,2.1671972683629885
225,chr3,189342666,189352666,5.564,5.0,2.233540686891555
226,chr3,193836164,193846164,4.7812,5.0,2.563888952353436
227,chr3,197681569,197691569,5.231,5.0,2.7569619148620825
228,chr4,2302848,2312848,4.9243,5.0,2.3275243306998963
229,chr4,3582101,3592101,4.0734,4.0,2.352915731597713
230,chr4,6666276,6676276,4.1521,4.0,2.30589800077974
231,chr4,9080440,9090440,5.0497,5.0,2.274781288387963
232,chr4,14561880,14571880,5.0182,5.0,2.3592517373099464
233,chr4,16572411,16582411,5.775,6.0,2.451565826160905
234,chr4,19965718,19975718,5.0133,5.0,2.261663792432465
235,chr4,23174294,23184294,5.0717,5.0,2.182649561885737
236,chr4,25587472,25597472,5.0702,5.0,2.3053138528191774
237,chr4,28322576,28332576,5.7476,6.0,2.3424120559799038
238,chr4,32381549,32391549,5.2846,5.0,2.526618855308414
239,chr4,34873718,34883718,5.3848,5.0,2.331207618381512
240,chr4,38344529,38354529,5.7832,5.0,2.5973828674263637
241,chr4,40033524,40043524,5.0592,5.0,2.369830238645798
242,chr4,42899596,42909596,5.6012,5.0,2.508616861938068
243,chr4,46887076,46897076,5.8601,6.0,2.728282974693058
244,chr4,49029510,49039510,4.3998,4.0,2.2497466435134426
245,chr4,53558804,53568804,4.9539,5.0,2.4668957801252973
246,chr4,54111225,54121225,5.2043,5.0,2.533409068824062
247,chr4,58535376,58545376,5.3813,5.0,2.300415247297757
248,chr4,61565839,61575839,4.9808,5.0,2.115616071029902
249,chr4,65968792,65978792,5.2996,5.0,2.450477471840947
250,chr4,68281027,68291027,5.0628,5.0,2.2233434642447847
251,chr4,69308487,69318487,2.2816,2.0,1.4946241801871132
252,chr4,72677796,72687796,4.9487,5.0,2.2562066195275645
253,chr4,76896919,76906919,4.3154,4.0,2.3106542017359497
254,chr4,78497885,78507885,5.7027,6.0,2.3911739188105914
255,chr4,81738001,81748001,5.5163,5.0,2.4740926235692955
256,chr4,85831784,85841784,4.7678,5.0,1.9850146498199954
257,chr4,89222868,89232868,5.1951,5.0,2.4297399017178773
258,chr4,92252035,92262035,5.1426,5.0,2.181757374228399
259,chr4,94133921,94143921,4.9721,5.0,2.3772508470920775
260,chr4,97623790,97633790,5.4543,5.0,2.1185163464084953
261,chr4,100936601,100946601,5.7267,6.0,2.301131702010991
262,chr4,102562025,102572025,5.6622,5.0,2.311815554926474
263,chr4,107463860,107473860,5.4184,5.0,2.438676165463549
264,chr4,108294327,108304327,5.2957,5.0,2.3949241136203043
265,chr4,112277932,112287932,4.9214,5.0,2.5124533906124507
266,chr4,116706591,116716591,5.7089,5.0,2.799850137060911
267,chr4,118373744,118383744,4.7085,4.0,2.3179145260341243
268,chr4,120481588,120491588,5.529,5.0,2.4012411374120677
269,chr4,125056114,125066114,5.2981,5.0,2.2140091214807582
270,chr4,128235486,128245486,5.0428,5.0,2.297513473301082
271,chr4,131209773,131219773,5.0243,5.0,2.276688276861811
272,chr4,132079207,132089207,5.7896,6.0,2.3216226739071963
273,chr4,136815914,136825914,5.1799,5.0,2.2646712763666166
274,chr4,139637781,139647781,5.1257,5.0,2.2267688497012887
275,chr4,141725601,141735601,5.8104,6.0,2.3919138446022674
276,chr4,145380104,145390104,5.6946,6.0,2.486469553402977
277,chr4,148171465,148181465,5.3084,5.0,2.627296983593594
278,chr4,151842767,151852767,5.939,6.0,2.443415437456349
279,chr4,155191673,155201673,4.7299,4.0,2.4463740494863004
280,chr4,156780317,156790317,4.9756,5.0,2.4789523270930403
281,chr4,159414041,159424041,5.0992,5.0,2.0968927869588376
282,chr4,164983714,164993714,5.2155,5.0,2.5193768574788487
283,chr4,166282258,166292258,5.3132,5.0,2.22303975672951
284,chr4,170138544,170148544,4.9793,5.0,2.358446842733582
285,chr4,173699000,173709000,5.2586,5.0,2.30745011647056
286,chr4,175043836,175053836,5.4271,5.0,2.6074289232882264
287,chr4,179738857,179748857,5.2718,5.0,2.317180346887139
288,chr4,180874915,180884915,4.6032,4.0,2.1948006196463496
289,chr4,184811561,184821561,5.2334,5.0,2.1569711263714217
290,chr4,187461912,187471912,5.0423,5.0,2.3716894210667636
291,chr5,1407105,1417105,3.9145,4.0,2.083120195764037
292,chr5,5717169,5727169,5.3654,5.0,2.2532826808902606
293,chr5,7328723,7338723,5.1797,5.0,2.5880123473430334
294,chr5,11446435,11456435,5.4096,5.0,2.097672004866347
295,chr5,14250614,14260614,5.0947,5.0,2.191559241727223
296,chr5,16319137,16329137,5.4009,5.0,2.09312665407519
297,chr5,20860275,20870275,4.503,4.0,2.2189616941263317
298,chr5,22935589,22945589,5.6189,5.0,2.560363800322134
299,chr5,26963927,26973927,5.1289,5.0,2.3348843204749996
300,chr5,28175031,28185031,5.3279,5.0,2.4906990163405935
301,chr5,32937286,32947286,5.6069,5.0,2.273581401665663
302,chr5,35258927,35268927,5.8258,6.0,2.3122401172888596
303,chr5,36364211,36374211,4.9643,5.0,2.1981413762540387
304,chr5,39207342,39217342,5.5457,5.0,2.2591395508024728
305,chr5,44790072,44800072,5.583,6.0,2.307013437325409
306,chr5,46877727,46887727,2.5595,2.0,2.3250504833228893
307,chr5,50035816,50045816,13.7992,8.0,16.541066451713444
308,chr5,51224702,51234702,5.7559,6.0,2.451431253370161
309,chr5,56035014,56045014,4.6834,5.0,2.1896950563948394
310,chr5,59986598,59996598,5.0264,5.0,2.20161373542227
311,chr5,61353402,61363402,5.3817,5.0,2.4745919077698453
312,chr5,63221572,63231572,5.2263,5.0,2.299714832321608
313,chr5,66782972,66792972,5.4821,5.0,2.2488396096653935
314,chr5,69490017,69500017,4.558,5.0,2.36546739567469
315,chr5,74810051,74820051,5.4082,5.0,2.6926144841027653
316,chr5,75051245,75061245,4.6081,4.0,2.9084212882593197
317,chr5,79550541,79560541,5.0341,5.0,2.1149319587164026
318,chr5,83274889,83284889,5.0382,5.0,2.481439251724692
319,chr5,86240439,86250439,5.6478,6.0,2.324511811112174
320,chr5,89658934,89668934,5.3865,5.0,2.2520918609150917
321,chr5,91055229,91065229,5.1407,5.0,2.190046462977441
322,chr5,93993764,94003764,4.9682,5.0,2.273057139624959
323,chr5,96441562,96451562,6.063,6.0,2.4068300729382623
324,chr5,100358494,100368494,5.55,5.0,2.48412962624739
325,chr5,103509535,103519535,5.5368,5.0,2.4966068493056732
326,chr5,105572381,105582381,5.1292,5.0,2.2496460521602057
327,chr5,108662219,108672219,5.6355,5.0,2.434428012901593
328,chr5,113104997,113114997,4.9443,5.0,2.254639108593657
329,chr5,114696852,114706852,5.2147,5.0,2.2624773833123726
330,chr5,117538488,117548488,5.5165,5.0,2.517365239690101
331,chr5,122437038,122447038,5.1126,5.0,2.452207421895628
332,chr5,123620417,123630417,5.2912,5.0,2.743538328509372
333,chr5,126260686,126270686,5.7143,5.0,2.855919380864943
334,chr5,130324447,130334447,5.8102,5.0,2.775279438182757
335,chr5,132182546,132192546,5.3755,5.0,2.657122456718922
336,chr5,136320300,136330300,5.1425,5.0,2.192576965581824
337,chr5,140411454,140421454,4.7427,4.0,2.5041758544479262
338,chr5,142071477,142081477,4.5123,4.0,3.92839009137331
339,chr5,145425027,145435027,5.327,5.0,2.399431390975787
340,chr5,148248708,148258708,4.5871,4.0,2.249447396584326
341,chr5,150342542,150352542,5.403,5.0,2.653863410200306
342,chr5,154915302,154925302,5.3915,5.0,2.377862012396851
343,chr5,158487610,158497610,5.3254,5.0,2.7334437693137206
344,chr5,159624872,159634872,6.2032,6.0,2.4265015474959006
345,chr5,162036658,162046658,5.3598,5.0,2.2130395296966565
346,chr5,166377726,166387726,4.5454,4.0,2.3363944101970455
347,chr5,170094332,170104332,4.915,5.0,2.1388256123396316
348,chr5,171839905,171849905,5.1869,5.0,2.610626053267683
349,chr5,174868989,174878989,4.6166,4.0,2.124477451045315
350,chr5,178551792,178561792,4.4557,4.0,2.3409479938691504
351,chr6,2740662,2750662,5.3911,5.0,2.718775604936899
352,chr6,5002145,5012145,4.3822,4.0,2.3328787280953978
353,chr6,7306325,7316325,4.3117,4.0,2.194389006078913
354,chr6,9334665,9344665,5.7246,6.0,2.700473077073719
355,chr6,12593760,12603760,5.8096,6.0,2.491735908959856
356,chr6,15836234,15846234,5.3476,5.0,2.1700171059233613
357,chr6,19439066,19449066,5.4032,5.0,2.585465095490558
358,chr6,23726580,23736580,5.0693,5.0,2.605858305817874
359,chr6,25304461,25314461,4.8694,5.0,2.2649378887731113
360,chr6,29298955,29308955,5.84,6.0,2.518610728159475
361,chr6,32740686,32750686,5.6442,6.0,2.496919373948626
362,chr6,35229786,35239786,4.7503,5.0,2.078689469353227
363,chr6,37790796,37800796,4.9507,5.0,2.07799651347157
364,chr6,41824028,41834028,5.5176,5.0,2.261833380247095
365,chr6,43048507,43058507,4.3524,4.0,2.22733343709468
366,chr6,47811475,47821475,5.187,5.0,2.4924748744972334
367,chr6,48066457,48076457,5.197,5.0,2.7614110523426243
368,chr6,53272337,53282337,5.1951,5.0,2.578611252205342
369,chr6,54819000,54829000,5.9389,6.0,2.6254841058364837
370,chr6,58761756,58771756,10.8398,10.0,7.402319633736441
371,chr6,60484972,60494972,5.4678,5.0,2.3568545054797085
372,chr6,65301959,65311959,4.5606,4.0,2.756506419364918
373,chr6,68295830,68305830,5.8477,6.0,2.2331826414335216
374,chr6,70713506,70723506,4.7774,5.0,2.0578263386398765
375,chr6,74721777,74731777,5.314,5.0,2.6029606220609636
376,chr6,75826564,75836564,5.2314,5.0,2.159225333308221
377,chr6,80701699,80711699,4.1724,4.0,1.997317761399022
378,chr6,83086789,83096789,4.947,5.0,2.267198932603842
379,chr6,84963743,84973743,4.9423,5.0,2.19325573292309
380,chr6,88078482,88088482,5.9024,6.0,2.4831983891747353
381,chr6,90334959,90344959,4.8272,5.0,2.543568391060087
382,chr6,93376897,93386897,5.2784,5.0,1.9830515474893737
383,chr6,98582958,98592958,5.4766,5.0,2.1504540078783365
384,chr6,100595462,100605462,5.3282,5.0,2.449833618840267
385,chr6,104724979,104734979,5.0206,5.0,2.2319443631058546
386,chr6,106982030,106992030,4.7839,4.0,2.4929903309078436
387,chr6,110174372,110184372,4.8921,5.0,2.754642915152525
388,chr6,111503785,111513785,5.0898,5.0,2.101032117793538
389,chr6,114529317,114539317,5.0046,5.0,2.5228513313312777
390,chr6,118233460,118243460,5.4076,5.0,2.7476284756131064
391,chr6,121792972,121802972,6.138,6.0,2.547892462408883
392,chr6,124055246,124065246,5.2082,5.0,2.1948696453320413
393,chr6,128690669,128700669,5.4281,5.0,2.589793503351184
394,chr6,129876409,129886409,5.9009,6.0,3.024314664514921
395,chr6,132264867,132274867,4.9636,5.0,2.16450341649072
396,chr6,136506173,136516173,5.052,5.0,2.127180293252079
397,chr6,139608987,139618987,5.3708,5.0,2.143760098518489
398,chr6,142492006,142502006,5.6007,5.0,2.372268852807371
399,chr6,145219489,145229489,5.0511,5.0,2.270173735642275
400,chr6,149602190,149612190,5.0087,5.0,2.3632232882230997
401,chr6,152617698,152627698,5.5427,5.0,2.306550825366742
402,chr6,155146881,155156881,5.4004,5.0,2.303406138743231
403,chr6,156320231,156330231,5.4319,5.0,2.653104293087628
404,chr6,160886242,160896242,5.3459,5.0,2.358824535653299
405,chr6,163322972,163332972,4.4599,4.0,2.278023702686168
406,chr6,166414183,166424183,4.8885,5.0,2.1629765948803055
407,chr7,2803390,2813390,5.1729,5.0,2.5791094567699138
408,chr7,3497189,3507189,5.2474,5.0,2.504554499307212
409,chr7,8108836,8118836,5.2138,5.0,2.4818721884899713
410,chr7,9694183,9704183,5.0834,5.0,2.7438375389224485
411,chr7,12787259,12797259,4.7682,5.0,2.325998443679617
412,chr7,17524317,17534317,6.038,6.0,2.6656248798358706
413,chr7,18112785,18122785,5.6145,5.0,2.4051381976925983
414,chr7,21449790,21459790,4.9808,5.0,1.9415023461227132
415,chr7,24723461,24733461,4.5739,4.0,2.1846598797066785
416,chr7,27265811,27275811,4.9825,5.0,2.197588166604471
417,chr7,31817416,31827416,4.9051,5.0,2.312248686884696
418,chr7,35397204,35407204,4.9914,5.0,2.282482429286149
419,chr7,37341917,37351917,5.0176,5.0,2.514416481015029
420,chr7,40077541,40087541,4.4049,4.0,2.3044643607571804
421,chr7,43211496,43221496,5.5237,5.0,2.5135708285226417
422,chr7,46298885,46308885,5.2364,5.0,2.570041836235356
423,chr7,49421784,49431784,5.9011,6.0,2.5348607042597036
424,chr7,53047712,53057712,5.7088,6.0,2.3934917087802914
425,chr7,55673539,55683539,5.5085,5.0,2.629320777311129
426,chr7,57598754,57608754,4.931,5.0,2.4219907101390787
427,chr7,62807754,62817754,5.3786,5.0,2.1538017643227985
428,chr7,65382657,65392657,5.713,6.0,2.318023080126684
429,chr7,66794062,66804062,5.7519,6.0,2.2657772154384466
430,chr7,71631152,71641152,5.0116,5.0,2.180198486376871
431,chr7,74310716,74320716,4.4239,4.0,2.1763751491872902
432,chr7,76513281,76523281,3.7603,4.0,1.970239556500681
433,chr7,78547859,78557859,4.8908,5.0,2.384255724539631
434,chr7,83298014,83308014,5.9747,6.0,2.792536465294589
435,chr7,85182106,85192106,4.709,5.0,2.3164021671549175
436,chr7,89138908,89148908,5.6109,5.0,2.46898788777912
437,chr7,91370212,91380212,5.5843,5.0,2.65290284594065
438,chr7,93324789,93334789,4.9406,5.0,2.5317329322027633
439,chr7,96852466,96862466,6.3396,6.0,2.565243037218891
440,chr7,99308204,99318204,4.6685,4.0,2.383192763919864
441,chr7,103893291,103903291,5.2575,5.0,2.3780651273672047
442,chr7,105216131,105226131,6.0119,6.0,2.8547431390582236
443,chr7,108868809,108878809,5.4182,5.0,1.9657336442153093
444,chr7,112522632,112532632,5.4879,5.0,2.241484684310825
445,chr7,114520293,114530293,5.1891,5.0,2.139238460293756
446,chr7,119687774,119697774,5.1271,5.0,2.4527424630400967
447,chr7,121666156,121676156,5.438,5.0,2.4674594221587514
448,chr7,124548117,124558117,5.7568,6.0,2.296922671750183
449,chr7,126611099,126621099,5.5477,5.0,2.533204435097965
450,chr7,129361380,129371380,5.2181,5.0,2.4456762643489838
451,chr7,132851883,132861883,4.5436,4.0,2.017993815649592
452,chr7,136181048,136191048,5.6684,5.0,2.7089926984028585
453,chr7,140327461,140337461,5.1744,5.0,2.4829387104799827
454,chr7,141193711,141203711,4.7486,4.0,2.4343783682903526
455,chr7,146374842,146384842,5.0801,5.0,2.520691173071386
456,chr7,148665816,148675816,5.3382,5.0,2.4543473185350115
457,chr7,152937576,152947576,5.1587,5.0,2.5251760948496247
458,chr7,154149070,154159070,5.1173,5.0,2.7038751284036766
459,chr7,158774147,158784147,5.0477,5.0,2.6223319221639354
460,chr8,2567338,2577338,5.1382,5.0,2.4138145662001462
461,chr8,4456252,4466252,5.1157,5.0,2.1729043950436475
462,chr8,8802547,8812547,4.7666,5.0,2.165253897352456
463,chr8,9056373,9066373,5.4132,5.0,2.4208398873118395
464,chr8,14912497,14922497,5.3763,5.0,2.4811888904313593
465,chr8,16541125,16551125,4.9791,5.0,2.60880493521459
466,chr8,19528764,19538764,4.6232,4.0,2.3079908492019636
467,chr8,21707974,21717974,4.6256,5.0,2.3098105203674177
468,chr8,24812575,24822575,4.8908,5.0,2.378881115146362
469,chr8,28768004,28778004,4.5988,5.0,2.0972454696577603
470,chr8,31943250,31953250,5.5284,5.0,2.1100221420639165
471,chr8,34407061,34417061,4.9786,5.0,2.291667960242059
472,chr8,37032293,37042293,5.4278,5.0,2.276924935082402
473,chr8,41256817,41266817,5.0185,5.0,2.302120272705143
474,chr8,43937658,43947658,4.8135,5.0,2.9711138904458037
475,chr8,46822367,46832367,5.1434,5.0,2.495563351229537
476,chr8,50282143,50292143,5.6502,6.0,2.1824848132346766
477,chr8,53647781,53657781,5.0468,5.0,2.173662752130606
478,chr8,55711185,55721185,5.2563,5.0,2.5240464159757443
479,chr8,57065995,57075995,4.808,4.0,2.321838926368494
480,chr8,62065889,62075889,5.2529,5.0,2.4275381747770726
481,chr8,64966588,64976588,5.7393,5.0,2.493779362734402
482,chr8,66233877,66243877,5.8293,6.0,2.3718687800972464
483,chr8,71161302,71171302,6.1345,6.0,2.5961143561099154
484,chr8,73635259,73645259,5.0434,5.0,2.280902549430817
485,chr8,77845393,77855393,6.1015,6.0,2.4835453992226517
486,chr8,80777203,80787203,5.6934,6.0,2.4866436093658457
487,chr8,83980490,83990490,5.1853,5.0,2.24494185002641
488,chr8,84894252,84904252,5.1077,5.0,2.386943801181754
489,chr8,89058012,89068012,5.2118,5.0,2.2488532099716956
490,chr8,91067198,91077198,5.1383,5.0,2.294857971640075
491,chr8,93352756,93362756,4.6408,5.0,2.254944646770736
492,chr8,96595776,96605776,5.6351,5.0,2.6241089897334677
493,chr8,100604754,100614754,5.4786,5.0,2.2876061811422
494,chr8,104918585,104928585,5.5348,5.0,2.389181650691299
495,chr8,105219466,105229466,5.5368,5.0,2.455126424443353
496,chr8,109007575,109017575,5.1929,5.0,2.4030999958387085
497,chr8,111663180,111673180,5.2082,5.0,2.1704959709706904
498,chr8,114417125,114427125,5.8661,6.0,2.288399176280222
499,chr8,118266102,118276102,4.7335,5.0,2.0616686809475473
500,chr8,120750929,120760929,4.9436,5.0,2.3301542953203764
501,chr8,125171287,125181287,6.0679,6.0,2.411200860567199
502,chr8,126963789,126973789,5.936,6.0,2.1882193674309716
503,chr8,131261736,131271736,4.7273,5.0,2.473728907944442
504,chr8,132077273,132087273,5.0536,5.0,2.3059763745537376
505,chr8,135491473,135501473,5.3984,5.0,2.27470381368652
506,chr8,140269498,140279498,4.7334,5.0,1.9482105738343583
507,chr8,141427514,141437514,2.8123,3.0,2.0124782508141545
508,chr9,1521754,1531754,5.7144,5.0,2.4169055918674194
509,chr9,5426234,5436234,5.2674,5.0,2.543992382064066
510,chr9,7293560,7303560,5.5633,5.0,2.42532330009836
511,chr9,9499989,9509989,5.4807,5.0,1.9909363400169278
512,chr9,12220399,12230399,5.4837,5.0,2.3844777855958315
513,chr9,16526116,16536116,5.3142,5.0,2.4648079762934882
514,chr9,20612750,20622750,4.4655,4.0,2.7584071037466535
515,chr9,22388809,22398809,5.2024,5.0,2.3699439318262363
516,chr9,24994880,25004880,5.302,5.0,2.297824188226767
517,chr9,29399678,29409678,4.4209,4.0,2.170056033838758
518,chr9,32860276,32870276,5.4859,5.0,2.2796932227823987
519,chr9,35508929,35518929,5.0796,5.0,2.2825126155182582
520,chr9,36376144,36386144,4.7575,5.0,2.207327286561737
521,chr9,40154169,40164169,6.492,6.0,3.257627357448976
522,chr9,44113640,44123640,5.5076,4.0,5.286770492465131
523,chr9,46224605,46234605,0.0,0.0,0.0
524,chr9,50569979,50579979,0.0,0.0,0.0
525,chr9,51760758,51770758,0.0,0.0,0.0
526,chr9,54975510,54985510,0.0,0.0,0.0
527,chr9,58527337,58537337,0.0,0.0,0.0
528,chr9,61963080,61973080,5.7141,5.0,3.6616336777454954
529,chr9,63443193,63453193,3.1127,3.0,2.5083856780806255
530,chr9,68979763,68989763,5.218,5.0,2.4619252628786277
531,chr9,69905936,69915936,5.1698,5.0,2.5169759553877347
532,chr9,74360619,74370619,5.3643,5.0,2.781939163605128
533,chr9,77073986,77083986,4.6228,4.0,2.278490763641582
534,chr9,80872602,80882602,4.6902,4.0,2.1280093890770315
535,chr9,83598998,83608998,4.7765,5.0,2.116730438671868
536,chr9,85953589,85963589,5.1053,5.0,2.7338273372691257
537,chr9,88265116,88275116,5.1496,5.0,2.450391772757981
538,chr9,90632340,90642340,5.1226,5.0,2.3907256722593666
539,chr9,94465467,94475467,5.4624,5.0,2.375960067004494
540,chr9,98988350,98998350,4.6942,4.0,2.3070514428594784
541,chr9,99644746,99654746,5.4702,5.0,2.5232344243054388
542,chr9,103276645,103286645,5.4937,5.0,2.3761229576770644
543,chr9,106906261,106916261,5.015,5.0,2.5309632553634596
544,chr9,110688454,110698454,4.0133,4.0,2.7127703754649044
545,chr9,112798887,112808887,6.6647,6.0,4.521932541513639
546,chr9,115897748,115907748,5.8745,6.0,2.7984906199592663
547,chr9,119630162,119640162,5.2016,5.0,2.2568467914326837
548,chr9,121830810,121840810,4.3417,4.0,2.1982131630030786
549,chr9,123155016,123165016,5.7522,6.0,2.5010388161721924
550,chr9,126908596,126918596,3.8885,4.0,2.585511119682141
551,chr9,130012639,130022639,4.2891,4.0,2.0841595884192743
552,chr9,133159845,133169845,3.6691,4.0,1.7308394466269827
553,chr9,135618305,135628305,4.5416,4.0,2.507801714649705
554,chr10,1479980,1489980,4.912,5.0,2.466871703190095
555,chr10,5951789,5961789,4.873,5.0,2.279620801800159
556,chr10,7924241,7934241,5.5931,5.0,2.642826590981709
557,chr10,11011985,11021985,5.1297,5.0,3.1106716171913744
558,chr10,14013344,14023344,4.8257,5.0,2.392137017396788
559,chr10,17007209,17017209,5.4186,5.0,2.515347697635458
560,chr10,20114967,20124967,4.5194,4.0,2.1660617812056975
561,chr10,23089970,23099970,4.5943,4.0,2.5423429174680585
562,chr10,26498649,26508649,5.1115,5.0,2.439604014999156
563,chr10,29413854,29423854,5.2575,5.0,2.496996946333735
564,chr10,31579241,31589241,4.8628,5.0,2.3043819475078346
565,chr10,35397718,35407718,4.7002,4.0,2.5506312865641716
566,chr10,38633371,38643371,6.6854,6.0,3.1919315218218576
567,chr10,39913710,39923710,0.8059,0.0,1.4101862252908302
568,chr10,44175410,44185410,4.5517,4.0,2.1578060872098774
569,chr10,47168613,47178613,5.4631,5.0,2.2607163444359846
570,chr10,49868416,49878416,5.1032,5.0,2.4808768127418177
571,chr10,51035574,51045574,5.5782,5.0,2.367759438794406
572,chr10,54345681,54355681,4.9697,5.0,2.0793705562020444
573,chr10,57417164,57427164,4.995,5.0,2.3465240250208392
574,chr10,62450245,62460245,5.3895,5.0,2.1317105220925283
575,chr10,65191074,65201074,5.4334,5.0,2.1632300940954012
576,chr10,66228765,66238765,4.8246,5.0,2.326034144203391
577,chr10,70883093,70893093,3.9526,4.0,2.109443822432823
578,chr10,73255618,73265618,5.2837,5.0,2.2923381753135814
579,chr10,77129229,77139229,4.8311,5.0,2.24761491141165
580,chr10,80258675,80268675,4.5802,4.0,2.239501721365715
581,chr10,83494742,83504742,5.3669,5.0,2.348634579920853
582,chr10,86585513,86595513,5.0353,5.0,2.544494824125213
583,chr10,88709769,88719769,5.2417,5.0,2.4798550582644947
584,chr10,90629325,90639325,5.3436,5.0,2.1405931514419083
585,chr10,95856188,95866188,5.5237,5.0,2.260008475647824
586,chr10,96276646,96286646,5.7012,5.0,2.4750189009379304
587,chr10,99596714,99606714,5.6091,5.0,2.1886747565593203
588,chr10,102312077,102322077,5.7599,6.0,2.5434331109742203
589,chr10,107266436,107276436,4.7822,5.0,2.20317115994196
590,chr10,109790663,109800663,4.7892,5.0,2.478338830749339
591,chr10,113239694,113249694,5.3352,5.0,2.4625273521323576
592,chr10,116243749,116253749,4.7167,5.0,2.3459414123119102
593,chr10,117094832,117104832,5.0226,5.0,2.396933299030242
594,chr10,120500029,120510029,5.0462,5.0,2.210761307785171
595,chr10,125974392,125984392,5.1763,5.0,2.108653198133823
596,chr10,126839420,126849420,4.914,5.0,2.2468208651336674
597,chr10,130654735,130664735,4.1377,4.0,2.3434459050722722
598,chr11,1962626,1972626,1.7969,2.0,1.4477052151594951
599,chr11,5230464,5240464,6.1418,6.0,2.3276796944597
600,chr11,6095315,6105315,5.8794,6.0,2.527420748510228
601,chr11,10024767,10034767,5.6896,5.0,2.667480429169069
602,chr11,14680438,14690438,5.9526,6.0,2.3467324602519137
603,chr11,16852286,16862286,5.1864,5.0,2.3197963358881313
604,chr11,19934342,19944342,4.9597,5.0,2.177676723023874
605,chr11,23597952,23607952,5.3559,5.0,2.365594045900522
606,chr11,24896923,24906923,5.0446,5.0,2.2594271043784526
607,chr11,27503821,27513821,4.6944,4.0,2.5822487564136805
608,chr11,31296901,31306901,5.4341,5.0,2.553988486661598
609,chr11,33324643,33334643,6.3637,6.0,2.478471769054471
610,chr11,37487746,37497746,5.2495,5.0,2.322337130995412
611,chr11,40804450,40814450,5.378,5.0,2.2185842332442554
612,chr11,43213457,43223457,4.868,5.0,1.9006777738480554
613,chr11,47033371,47043371,2.205,0.0,3.092147312144103
614,chr11,50634851,50644851,5.6932,6.0,2.3219977950032598
615,chr11,53410503,53420503,3.8769,4.0,2.6648351525000566
616,chr11,54118153,54128153,5.6379,5.0,4.431995441107763
617,chr11,59539384,59549384,5.4178,5.0,2.4302763546559887
618,chr11,62798015,62808015,4.6085,4.0,2.549240622224587
619,chr11,64071796,64081796,4.3753,4.0,2.3140548632217
620,chr11,68114245,68124245,4.6685,5.0,2.954218636120218
621,chr11,71205369,71215369,4.8586,5.0,2.364699989427834
622,chr11,74674214,74684214,4.8426,5.0,2.4389803689246867
623,chr11,76030272,76040272,6.1345,6.0,2.293471113835969
624,chr11,80406256,80416256,5.4085,5.0,2.410275451063633
625,chr11,83721206,83731206,5.3718,5.0,2.267457774689531
626,chr11,84385740,84395740,5.1946,5.0,2.3663327830210186
627,chr11,88936938,88946938,4.945,5.0,2.059411323655379
628,chr11,91528985,91538985,5.4579,5.0,2.1662473519891488
629,chr11,93185067,93195067,5.6528,6.0,1.9093067223471456
630,chr11,96694947,96704947,5.8579,6.0,2.5225993716799344
631,chr11,99113926,99123926,5.4052,5.0,2.809343866457077
632,chr11,102172570,102182570,4.9606,5.0,2.239117602985605
633,chr11,107458969,107468969,5.0327,5.0,2.2617760079194404
634,chr11,110597876,110607876,5.5015,5.0,2.1009992265586392
635,chr11,113022586,113032586,5.5854,5.0,2.426212447416755
636,chr11,116902849,116912849,5.295,5.0,2.460320101125055
637,chr11,117647271,117657271,4.0088,4.0,2.085359096175045
638,chr11,120301539,120311539,4.8455,5.0,2.244110012900437
639,chr11,124679991,124689991,5.6732,6.0,2.447202844065036
640,chr11,127968847,127978847,5.6338,6.0,2.476711036838977
641,chr11,129612621,129622621,4.7836,5.0,2.2921978623146826
642,chr11,133300150,133310150,5.0026,5.0,2.558279351439166
643,chr12,2630763,2640763,5.1623,5.0,2.615981404750424
644,chr12,3970212,3980212,5.1691,5.0,2.2924016205717535
645,chr12,7453358,7463358,5.4378,5.0,2.203300061271728
646,chr12,9603523,9613523,4.8621,5.0,2.32827910483258
647,chr12,13486384,13496384,5.6245,5.0,2.4438698308216007
648,chr12,16707075,16717075,5.2253,5.0,2.6934995656209044
649,chr12,18869263,18879263,4.6717,4.0,2.762267023660095
650,chr12,23064866,23074866,4.4359,4.0,2.054578105110633
651,chr12,26719625,26729625,5.28,5.0,2.3800420164358447
652,chr12,29067869,29077869,5.1449,5.0,2.38375837491974
653,chr12,31435488,31445488,4.9871,5.0,2.1287399066114205
654,chr12,33243377,33253377,5.3095,5.0,2.1361436632399045
655,chr12,38998736,39008736,4.9324,5.0,1.972518755297399
656,chr12,41825977,41835977,6.0632,6.0,2.4792752489386896
657,chr12,43880937,43890937,5.1567,5.0,2.2036209088679475
658,chr12,46216876,46226876,5.6597,5.0,2.5698824700752367
659,chr12,49187892,49197892,5.4213,5.0,2.7142966510681914
660,chr12,51447239,51457239,5.0378,5.0,2.3241280429442783
661,chr12,55967901,55977901,4.8558,5.0,2.1286160668377945
662,chr12,59738015,59748015,4.3906,4.0,2.0625788809158303
663,chr12,60972156,60982156,5.0353,5.0,2.2168567635280363
664,chr12,63175006,63185006,5.3074,5.0,2.234615233099426
665,chr12,67231562,67241562,5.384,5.0,2.323605818550126
666,chr12,70970577,70980577,5.6616,5.0,2.3733700596409317
667,chr12,73803897,73813897,5.458,5.0,2.5552369753116833
668,chr12,77209800,77219800,5.769,6.0,2.398507661025914
669,chr12,78445282,78455282,5.331,5.0,2.0823638010683916
670,chr12,82725632,82735632,4.9719,5.0,2.42777890055911
671,chr12,84352101,84362101,4.6934,4.0,2.5289516484108585
672,chr12,88673149,88683149,5.3036,5.0,2.3668179144158934
673,chr12,92811457,92821457,6.2748,6.0,2.419852259953074
674,chr12,94475810,94485810,5.601,5.0,2.5890536881262234
675,chr12,96377001,96387001,5.4782,5.0,2.679388878083956
676,chr12,101410889,101420889,5.8201,6.0,2.584595904585473
677,chr12,104666078,104676078,5.5513,5.0,2.268516764319805
678,chr12,106904010,106914010,4.9925,5.0,2.3546642541984624
679,chr12,109882618,109892618,4.3904,4.0,2.1980418194383837
680,chr12,112705184,112715184,4.8651,5.0,2.125770916632364
681,chr12,114352725,114362725,5.2933,5.0,2.271139606012805
682,chr12,118144172,118154172,4.7609,4.0,2.5012259374154904
683,chr12,121623612,121633612,4.4441,4.0,2.683332851138673
684,chr12,123516651,123526651,4.4128,4.0,2.4892963182393535
685,chr12,127340354,127350354,5.3514,5.0,2.3038051219666995
686,chr12,131109471,131119471,5.4732,5.0,2.498295771120785
687,chr13,586612,596612,0.0,0.0,0.0
688,chr13,3342012,3352012,0.0,0.0,0.0
689,chr13,7897322,7907322,0.0,0.0,0.0
690,chr13,11149786,11159786,0.0,0.0,0.0
691,chr13,14628298,14638298,0.0,0.0,0.0
692,chr13,15757316,15767316,0.0,0.0,0.0
693,chr13,18507165,18517165,5.0392,5.0,2.465332302145088
694,chr13,23117500,23127500,5.6066,6.0,2.4984468055173794
695,chr13,26152885,26162885,4.8411,5.0,2.8333109236368674
696,chr13,27814484,27824484,4.3366,4.0,2.1419851633473095
697,chr13,30831930,30841930,3.825,4.0,2.6235043358073566
698,chr13,33489735,33499735,4.8888,5.0,2.507037008103391
699,chr13,37842454,37852454,4.8535,5.0,2.10894232969989
700,chr13,41997140,42007140,4.9768,5.0,2.1166156382300496
701,chr13,42555664,42565664,5.4814,5.0,2.827411190470887
702,chr13,47346648,47356648,5.2329,5.0,2.2228939673317756
703,chr13,48228593,48238593,5.969,6.0,2.913904425337248
704,chr13,51231656,51241656,5.4493,5.0,2.542602900572561
705,chr13,54829814,54839814,4.8833,5.0,2.2549680951179774
706,chr13,59449347,59459347,4.9174,5.0,2.140321760857465
707,chr13,60198755,60208755,5.2792,5.0,2.277816357830455
708,chr13,63537237,63547237,4.9586,5.0,2.2536384004538084
709,chr13,67797028,67807028,5.1627,5.0,2.2350903136115106
710,chr13,71716668,71726668,5.1208,5.0,2.2950833013204552
711,chr13,74673339,74683339,5.5834,5.0,2.498368355547276
712,chr13,75314688,75324688,5.2636,5.0,2.624255140034977
713,chr13,80589649,80599649,5.4719,5.0,2.0649480356657888
714,chr13,83746235,83756235,5.3113,5.0,2.4727701692636135
715,chr13,86149090,86159090,4.4433,4.0,2.5988430329667853
716,chr13,89782180,89792180,4.8414,5.0,2.107663644892135
717,chr13,92131010,92141010,5.0988,5.0,2.191264146560154
718,chr13,95449901,95459901,4.8322,5.0,2.1797346535759807
719,chr13,96982539,96992539,5.0677,5.0,2.3225237802872973
720,chr13,101916606,101926606,5.1447,5.0,2.6372640956112074
721,chr13,102654858,102664858,5.3172,5.0,2.2063055454764195
722,chr13,106024429,106034429,5.7166,6.0,2.5868290318457463
723,chr13,109256942,109266942,5.2201,5.0,2.4265316791667897
724,chr13,113934642,113944642,4.1452,4.0,1.8568567419162956
725,chr14,1291337,1301337,0.0,0.0,0.0
726,chr14,4611797,4621797,0.0,0.0,0.0
727,chr14,6332769,6342769,0.0,0.0,0.0
728,chr14,11315956,11325956,0.0,0.0,0.0
729,chr14,14834299,14844299,0.0,0.0,0.0
730,chr14,15736195,15746195,0.0,0.0,0.0
731,chr14,18392146,18402146,5.725,5.0,2.9940566126912165
732,chr14,21834513,21844513,5.719,5.0,2.6317368789451576
733,chr14,24438352,24448352,4.8635,5.0,2.152920748657507
734,chr14,28662015,28672015,4.7137,5.0,2.6357413207672713
735,chr14,31040703,31050703,4.8338,5.0,2.433346987176305
736,chr14,34708855,34718855,4.826,5.0,2.4071817546666474
737,chr14,37826200,37836200,5.3461,5.0,2.0992176614157954
738,chr14,41784042,41794042,5.3225,5.0,2.3125513507812103
739,chr14,42586711,42596711,5.232,5.0,2.338199307159251
740,chr14,47729808,47739808,5.8688,6.0,2.4899370594454795
741,chr14,48495239,48505239,5.5156,5.0,2.2030789000850604
742,chr14,53231890,53241890,4.7952,5.0,2.045545638698878
743,chr14,54659842,54669842,5.7825,6.0,2.2508651114627014
744,chr14,58979261,58989261,5.2605,5.0,2.481297997016884
745,chr14,61572052,61582052,5.6382,5.0,2.348552907643343
746,chr14,64599170,64609170,4.6558,5.0,2.1374111349948564
747,chr14,66214891,66224891,5.388,5.0,2.407541484585468
748,chr14,70156330,70166330,4.6505,4.0,2.387163536501008
749,chr14,73595835,73605835,5.0498,5.0,2.6110381000667147
750,chr14,75757154,75767154,5.8687,6.0,2.286932511028692
751,chr14,78465624,78475624,5.3283,5.0,2.349791290732009
752,chr14,81701282,81711282,5.8085,6.0,2.574922862922305
753,chr14,86635709,86645709,5.3641,5.0,1.9827080445693461
754,chr14,87605061,87615061,5.1558,5.0,2.319639273680285
755,chr14,92358922,92368922,5.2886,5.0,2.3785941309941885
756,chr14,94211481,94221481,6.0439,6.0,2.5124037872125573
757,chr14,97327477,97337477,5.0595,5.0,2.134609976084624
758,chr14,101476606,101486606,4.7175,5.0,2.2213720422297567
759,chr14,103699610,103709610,4.0509,4.0,2.071595807584095
760,chr15,1420123,1430123,0.0,0.0,0.0
761,chr15,4515260,4525260,0.0,0.0,0.0
762,chr15,6256112,6266112,0.0,0.0,0.0
763,chr15,10013824,10023824,0.0,0.0,0.0
764,chr15,12334713,12344713,0.0,0.0,0.0
765,chr15,17111496,17121496,4.9044,4.0,3.7064889909454743
766,chr15,19658049,19668049,5.6612,5.0,3.623260211467015
767,chr15,23657304,23667304,5.4132,5.0,2.216724105521479
768,chr15,26569798,26579798,5.0071,5.0,2.205232321094537
769,chr15,27251295,27261295,4.8258,5.0,2.2826857777626777
770,chr15,30051199,30061199,5.2264,5.0,2.7608953330396284
771,chr15,35170450,35180450,5.1094,5.0,2.1558366450174278
772,chr15,38253053,38263053,4.9607,5.0,2.3818806666161927
773,chr15,41066919,41076919,4.9239,5.0,2.575132771334325
774,chr15,43732101,43742101,5.3402,5.0,2.352884179044944
775,chr15,45511794,45521794,4.8827,5.0,2.148241306278231
776,chr15,49916001,49926001,5.7393,5.0,2.5732344452070435
777,chr15,51994974,52004974,5.2192,5.0,2.304897255844607
778,chr15,56100732,56110732,4.6894,5.0,2.6890756106885503
779,chr15,57795395,57805395,5.5799,5.0,2.3509181163962305
780,chr15,61014760,61024760,6.0155,6.0,2.44533428185187
781,chr15,63049605,63059605,5.2982,5.0,2.1167136698193265
782,chr15,66302632,66312632,4.7315,5.0,2.375206885725957
783,chr15,69666766,69676766,4.9664,5.0,2.2006978529548302
784,chr15,72161564,72171564,4.9821,5.0,2.153550461447328
785,chr15,77342895,77352895,5.601,6.0,2.4492854059908984
786,chr15,80973274,80983274,4.7147,5.0,2.541988180539005
787,chr15,82299681,82309681,4.7191,4.0,2.1366317394441188
788,chr15,86017583,86027583,5.5572,5.0,2.3650640921547983
789,chr15,89249465,89259465,4.7427,4.0,2.2677514656593214
790,chr15,92759355,92769355,4.9078,5.0,2.6646011258723132
791,chr15,95427544,95437544,5.4056,5.0,2.174876695355394
792,chr15,98319678,98329678,5.1224,5.0,2.256683017173657
793,chr16,233016,243016,3.6189,3.0,2.113116842486473
794,chr16,3663943,3673943,4.7693,5.0,2.190542743248805
795,chr16,7255083,7265083,5.9042,6.0,2.3597081090677294
796,chr16,10640221,10650221,4.4187,4.0,2.315165287835838
797,chr16,12762630,12772630,4.7498,5.0,2.0486580876271177
798,chr16,17443721,17453721,4.6608,5.0,2.066722855150153
799,chr16,18867705,18877705,5.1157,5.0,2.4393674405468313
800,chr16,22646624,22656624,11.0521,11.0,3.2107609051438257
801,chr16,25026999,25036999,4.5713,4.0,2.3904217849576255
802,chr16,28611853,28621853,4.5607,4.0,2.4485333385518766
803,chr16,30877720,30887720,3.8845,4.0,2.031295091807195
804,chr16,34506513,34516513,1.3781,1.0,1.3137505052330143
805,chr16,38933303,38943303,0.0,0.0,0.0
806,chr16,40013607,40023607,0.0,0.0,0.0
807,chr16,43951404,43961404,0.0,0.0,0.0
808,chr16,47330975,47340975,6.0846,6.0,2.518261868829372
809,chr16,48079081,48089081,4.6865,4.0,2.413134424353521
810,chr16,53747480,53757480,5.3434,5.0,2.2348325306384815
811,chr16,56153037,56163037,5.5072,5.0,2.49822900471514
812,chr16,59551498,59561498,4.8296,5.0,2.1474086336792073
813,chr16,60981776,60991776,5.0002,5.0,2.1149940803699665
814,chr16,65815337,65825337,4.7301,5.0,2.3668236077071736
815,chr16,68247944,68257944,4.8101,5.0,2.1146247870485206
816,chr16,71760299,71770299,4.7108,5.0,2.2340464095447974
817,chr16,74610198,74620198,4.8,5.0,2.401790998400985
818,chr16,77573373,77583373,5.2572,5.0,2.4144664338109982
819,chr16,80424521,80434521,5.0592,5.0,2.3290116702155013
820,chr16,83916914,83926914,4.0654,4.0,2.0400301076209635
821,chr16,85500473,85510473,4.3145,4.0,2.0383791968129974
822,chr16,89703462,89713462,3.4611,3.0,2.372443211122239
823,chr17,945200,955200,3.9959,3.0,3.9660160350154916
824,chr17,4029155,4039155,4.7955,5.0,2.500535892563832
825,chr17,6068337,6078337,3.9185,4.0,2.4209208475288904
826,chr17,11272790,11282790,5.1138,5.0,2.5467723808774116
827,chr17,14810508,14820508,4.9382,5.0,2.2171109038566383
828,chr17,15280845,15290845,5.2316,5.0,2.1614257886867176
829,chr17,19809076,19819076,5.1252,5.0,2.3610431931669527
830,chr17,21849257,21859257,9.9007,9.0,5.944614328112463
831,chr17,24332431,24342431,0.3724,0.0,0.7839121379338376
832,chr17,27413679,27423679,4.4005,4.0,1.9736007068300314
833,chr17,30362196,30372196,4.6624,4.0,2.219915818223745
834,chr17,34800825,34810825,4.5866,4.0,2.0946838520406845
835,chr17,38949176,38959176,4.8076,5.0,2.1384532354017005
836,chr17,41522104,41532104,4.1273,4.0,2.0764620656299018
837,chr17,43912730,43922730,4.3196,4.0,2.3368902070914674
838,chr17,47648282,47658282,4.3931,4.0,2.5994561719713607
839,chr17,49480565,49490565,4.7406,5.0,2.345231681518907
840,chr17,53818353,53828353,4.4544,4.0,2.130004845064912
841,chr17,54404981,54414981,4.6406,4.0,2.2079926720892895
842,chr17,59841291,59851291,4.8158,5.0,2.286322453198586
843,chr17,62301292,62311292,5.4928,5.0,2.5368382210933356
844,chr17,65634623,65644623,5.1558,5.0,2.583665295660411
845,chr17,68903997,68913997,5.3983,5.0,2.200012979507166
846,chr17,69875391,69885391,5.7913,6.0,2.5353785338682666
847,chr17,73499476,73509476,5.1057,5.0,1.9781626601470368
848,chr17,76699569,76709569,4.3496,4.0,2.4673426677297985
849,chr17,78298786,78308786,3.8994,4.0,2.399141438098221
850,chr18,410103,420103,5.0585,5.0,2.2031063864461924
851,chr18,3563565,3573565,5.4351,5.0,2.6443880180487884
852,chr18,8540493,8550493,5.023,5.0,2.418526617591793
853,chr18,11089643,11099643,4.6502,5.0,2.06766534042625
854,chr18,12742450,12752450,5.0051,5.0,2.282471027198374
855,chr18,16496826,16506826,3.6599,3.0,3.6152222601107113
856,chr18,19688363,19698363,3.8233,2.0,4.4002133027843096
857,chr18,22227241,22237241,5.6149,5.0,4.089694119368831
858,chr18,24752084,24762084,5.9299,6.0,2.3460575419200613
859,chr18,29662392,29672392,4.6854,5.0,2.129982826221845
860,chr18,31902444,31912444,5.6339,5.0,2.6439876682768397
861,chr18,35907547,35917547,5.8333,6.0,2.2690330782075434
862,chr18,38489580,38499580,5.4142,5.0,2.205048380421618
863,chr18,40201965,40211965,6.0525,6.0,2.7105615193166157
864,chr18,43071221,43081221,4.2234,4.0,1.9935627504545725
865,chr18,45705236,45715236,5.1582,5.0,2.507423530239756
866,chr18,50013112,50023112,5.4728,5.0,2.406420611613855
867,chr18,51308589,51318589,5.6168,5.0,2.48107995840521
868,chr18,56207489,56217489,4.9724,5.0,1.9820288191648479
869,chr18,58826934,58836934,5.042,5.0,2.4186434214244974
870,chr18,61585099,61595099,5.4686,5.0,2.65318940899439
871,chr18,64150966,64160966,6.0808,6.0,2.635615935602151
872,chr18,68443150,68453150,4.7194,5.0,2.260589224074113
873,chr18,71259266,71269266,5.3363,5.0,2.187647665873095
874,chr18,74973219,74983219,5.4244,5.0,2.3911262283702213
875,chr18,77198130,77208130,4.6461,4.0,2.25456310401816
876,chr19,283047,293047,3.571,3.0,2.731475608531037
877,chr19,4896822,4906822,4.9699,5.0,2.367402371799099
878,chr19,8522406,8532406,3.7395,4.0,2.0483749046500255
879,chr19,9355252,9365252,4.7005,5.0,2.265347600259174
880,chr19,13221198,13231198,4.2084,4.0,2.286475331159293
881,chr19,15880558,15890558,6.2207,6.0,2.9164690140647815
882,chr19,19898714,19908714,5.3614,5.0,2.3857472707728284
883,chr19,22642212,22652212,4.7624,5.0,2.6113112108670617
884,chr19,25015313,25025313,0.0,0.0,0.0
885,chr19,27422993,27432993,5.0423,5.0,1.9960237248089012
886,chr19,32583901,32593901,5.5949,5.0,2.3263692720632294
887,chr19,34496384,34506384,3.6925,4.0,1.9746249643919729
888,chr19,36299412,36309412,18.1742,17.0,9.798227102899789
889,chr19,39705395,39715395,4.9465,5.0,2.1945472767748706
890,chr19,44312611,44322611,5.6685,5.0,2.6460551298111685
891,chr19,47701920,47711920,4.3699,4.0,2.351398305264338
892,chr19,50366759,50376759,4.0643,4.0,1.9502731885559008
893,chr19,53412989,53422989,3.9197,4.0,2.226892882471
894,chr19,54792607,54802607,5.3395,5.0,2.21572555836683
895,chr20,2903462,2913462,4.723,4.0,2.7002353601121514
896,chr20,3937725,3947725,5.3198,5.0,2.340241004683065
897,chr20,7333143,7343143,5.0985,5.0,2.259379948127362
898,chr20,9192629,9202629,5.1503,5.0,2.380779265282693
899,chr20,12788523,12798523,5.8018,6.0,2.5936300352980184
900,chr20,17835559,17845559,5.044,5.0,2.4813834850744048
901,chr20,19931559,19941559,5.4992,5.0,2.3569046141072403
902,chr20,21591508,21601508,5.0223,5.0,2.161203995461789
903,chr20,25877171,25887171,5.6593,5.0,2.5651946339410583
904,chr20,27007545,27017545,12.3907,9.0,11.937732343707493
905,chr20,30992267,31002267,6.6192,6.0,4.607992118048815
906,chr20,33784691,33794691,4.854,5.0,2.163350179698146
907,chr20,37169926,37179926,4.3284,4.0,2.4953062818018954
908,chr20,40264378,40274378,4.8284,5.0,2.4435534452923267
909,chr20,42355657,42365657,4.5446,4.0,2.301306333368072
910,chr20,47578695,47588695,4.942,5.0,2.131674459198684
911,chr20,49325923,49335923,5.143,5.0,2.4292284783445135
912,chr20,53965850,53975850,5.3023,5.0,2.3688213757056484
913,chr20,54408205,54418205,5.7239,6.0,2.2685389108410727
914,chr20,59867369,59877369,4.8352,5.0,2.444962363718509
915,chr20,62897041,62907041,4.3702,4.0,2.4800306369075362
916,chr21,1389362,1399362,0.0,0.0,0.0
917,chr21,4708533,4718533,0.0,0.0,0.0
918,chr21,8883248,8893248,2.3154,0.0,3.770241748217215
919,chr21,9174617,9184617,7.6568,7.0,4.4111465357659565
920,chr21,12397344,12407344,0.0,0.0,0.0
921,chr21,17714229,17724229,4.5756,5.0,2.7875947768640983
922,chr21,19918889,19928889,5.0681,5.0,2.2083166416979245
923,chr21,21330821,21340821,5.1971,5.0,2.408744816289181
924,chr21,24722321,24732321,5.2722,5.0,2.5743945229898237
925,chr21,29786620,29796620,5.3618,5.0,2.0988331901320794
926,chr21,32492373,32502373,5.1311,5.0,2.33471899593934
927,chr21,35595430,35605430,6.0163,6.0,2.5856206817706266
928,chr21,38650780,38660780,5.1421,5.0,2.357012428902317
929,chr21,41077532,41087532,5.2003,5.0,2.2022669933502614
930,chr21,44223293,44233293,1.8834,2.0,1.5767702559345798
931,chr22,711481,721481,0.0,0.0,0.0
932,chr22,3279990,3289990,0.0,0.0,0.0
933,chr22,6670882,6680882,0.0,0.0,0.0
934,chr22,11034652,11044652,26.5422,26.0,8.192497736343904
935,chr22,12792671,12802671,4.7286,4.0,3.0061174361624663
936,chr22,15000805,15010805,0.0,0.0,0.0
937,chr22,20887534,20897534,4.947,5.0,2.5152317984631156
938,chr22,22506053,22516053,2.7271,3.0,1.5116962624813226
939,chr22,25065860,25075860,4.6233,5.0,2.050999051681887
940,chr22,29313887,29323887,4.0194,4.0,2.250871751122218
941,chr22,32435919,32445919,4.5395,4.0,2.3618720858674798
942,chr22,34187329,34197329,4.9644,5.0,2.1307117684004093
943,chr22,36850078,36860078,4.7423,4.0,2.3787582285722104
944,chr22,41890724,41900724,5.2716,5.0,2.2341068550989234
945,chr22,44371989,44381989,5.453,5.0,2.338929455969119
946,chr22,46211904,46221904,5.2056,5.0,2.2542246205735577
